"","samp","type","maxwt","minwt","time","diff","percH2O","Date.fished","Date.processed","Date.landed","Vessel","lon","lat","ID","sh","sex"
"1",37,"gonad",7.584,1.4311,9.125,6.1529,0.811300105485232,2024-07-23,2024-07-24,2024-07-24,"Mersey Seven",-66.48983,41.94733,37,"120.84","f"
"2",38,"gonad",12.6814,2.6348,13.8125,10.0466,0.792231141672055,2024-07-23,2024-07-24,2024-07-24,"Mersey Seven",-66.48983,41.94733,38,"116.27","f"
"3",39,"gonad",9.2178,1.7736,9.125,7.4442,0.807589663477186,2024-07-23,2024-07-24,2024-07-24,"Mersey Seven",-66.48983,41.94733,39,"125.85","f"
"4",40,"gonad",6.8619,1.4563,9.125,5.4056,0.787770151124324,2024-07-23,2024-07-24,2024-07-24,"Mersey Seven",-66.48983,41.94733,40,"120.35","f"
"5",41,"gonad",6.3915,1.158,9.125,5.2335,0.818821872799812,2024-07-23,2024-07-24,2024-07-24,"Mersey Seven",-66.48983,41.94733,41,"128.47999999999999","f"
"6",42,"gonad",7.6482,1.5084,9.125,6.1398,0.802777124029183,2024-07-23,2024-07-24,2024-07-24,"Mersey Seven",-66.48983,41.94733,42,"128.37","m"
"7",43,"gonad",10.5748,1.9768,13.8125,8.598,0.813065022506336,2024-07-23,2024-07-24,2024-07-24,"Mersey Seven",-66.48983,41.94733,43,"125.88","m"
"8",44,"gonad",5.9981,0.8258,9.125,5.1723,0.862323068971841,2024-07-23,2024-07-24,2024-07-24,"Mersey Seven",-66.48983,41.94733,44,"NA","f"
"9",45,"gonad",22.169,4.9534,16.7916666666667,17.2156,0.776561865668276,2024-07-23,2024-07-24,2024-07-24,"Mersey Seven",-66.48983,41.94733,45,"NA","f"
"10",46,"gonad",7.3436,1.5047,9.125,5.8389,0.795100495669699,2024-07-23,2024-07-24,2024-07-24,"Mersey Seven",-66.48983,41.94733,46,"NA","f"
"11",47,"gonad",8.0143,1.6552,9.125,6.3591,0.79346917385174,2024-07-23,2024-07-24,2024-07-24,"Mersey Seven",-66.48983,41.94733,47,"135.05000000000001","f"
"12",48,"gonad",6.1977,1.4101,9.125,4.7876,0.772480113590525,2024-07-23,2024-07-24,2024-07-24,"Mersey Seven",-66.48983,41.94733,48,"121.54","m"
"13",49,"gonad",7.748,1.593,9.125,6.155,0.794398554465669,2024-07-23,2024-07-24,2024-07-24,"Mersey Seven",-66.48983,41.94733,49,"116.78","m"
"14",50,"gonad",7.0653,1.3572,6.3125,5.7081,0.807906246019277,2024-07-23,2024-07-24,2024-07-24,"Mersey Seven",-66.48983,41.94733,50,"120.27","f"
"15",51,"gonad",16.8071,3.6699,9.89583333333333,13.1372,0.781645852050621,2024-07-23,2024-07-24,2024-07-24,"Mersey Seven",-66.48983,41.94733,51,"133.26","f"
"16",52,"gonad",3.7031,0.5854,6.3125,3.1177,0.841916232345872,2024-07-23,2024-07-24,2024-07-24,"Mersey Seven",-66.48983,41.94733,52,"108.25","f"
"17",53,"gonad",3.1605,0.4664,6.3125,2.6941,0.852428413225755,2024-07-23,2024-07-24,2024-07-24,"Mersey Seven",-66.48983,41.94733,53,"108.71","f"
"18",54,"gonad",6.0016,1.1095,6.3125,4.8921,0.81513263129832,2024-07-23,2024-07-24,2024-07-24,"Mersey Seven",-66.48983,41.94733,54,"121.87",NA
"19",55,"gonad",13.3322,2.9066,9.89583333333333,10.4256,0.781986468849852,2024-07-23,2024-07-24,2024-07-24,"Mersey Seven",-66.48983,41.94733,55,"133.22999999999999",NA
"20",56,"gonad",10.6938,2.0881,9.89583333333333,8.6057,0.804737324430979,2024-07-23,2024-07-24,2024-07-24,"Mersey Seven",-66.48983,41.94733,56,"137.94",NA
"21",57,"gonad",4.5032,0.8652,6.3125,3.638,0.807869959140167,2024-07-23,2024-07-24,2024-07-24,"Mersey Seven",-66.48983,41.94733,57,"117.52",NA
"22",58,"gonad",9.0831,2.1412,9.89583333333333,6.9419,0.764265504067994,2024-07-23,2024-07-24,2024-07-24,"Mersey Seven",-66.48983,41.94733,58,"110.48",NA
"23",59,"gonad",10.9852,2.2377,9.89583333333333,8.7475,0.796298656374031,2024-07-23,2024-07-24,2024-07-24,"Mersey Seven",-66.48983,41.94733,59,"124.38",NA
"24",60,"gonad",4.442,0.8147,6.3125,3.6273,0.816591625393967,2024-07-23,2024-07-24,2024-07-24,"Mersey Seven",-66.48983,41.94733,60,"118.46",NA
"25",61,"gonad",9.8414,2.1058,9.89583333333333,7.7356,0.786026378360802,2024-07-23,2024-07-24,2024-07-24,"Mersey Seven",-66.48983,41.94733,61,"114.99",NA
"26",62,"gonad",3.8782,0.6607,6.3125,3.2175,0.829637460677634,2024-07-23,2024-07-24,2024-07-24,"Mersey Seven",-66.48983,41.94733,62,"108.65",NA
"27",63,"gonad",15.2828,3.1768,9.89583333333333,12.106,0.792132331771665,2024-07-23,2024-07-24,2024-07-24,"Mersey Seven",-66.48983,41.94733,63,"129.63",NA
"28",64,"gonad",6.5994,1.3619,9.91666666666667,5.2375,0.793632754492833,2024-07-23,2024-07-24,2024-07-24,"Mersey Seven",-66.48983,41.94733,64,"113.36",NA
"29",65,"gonad",12.7689,2.7886,9.89583333333333,9.9803,0.781610005560385,2024-07-23,2024-07-24,2024-07-24,"Mersey Seven",-66.48983,41.94733,65,"130.75",NA
"30",66,"gonad",6.9766,1.4368,9.89583333333333,5.5398,0.794054410457816,2024-07-23,2024-07-24,2024-07-24,"Mersey Seven",-66.48983,41.94733,66,"113.34",NA
"31",67,"gonad",15.9652,3.4358,9.89583333333333,12.5294,0.78479442788064,2024-07-23,2024-07-24,2024-07-24,"Mersey Seven",-66.48983,41.94733,67,"126.61",NA
"32",68,"gonad",8.2774,1.7537,9.91666666666667,6.5237,0.788133955106676,2024-07-23,2024-07-24,2024-07-24,"Mersey Seven",-66.48983,41.94733,68,"116.67",NA
"33",69,"gonad",5.7515,1.2296,9.91666666666667,4.5219,0.786212292445449,2024-07-23,2024-07-24,2024-07-24,"Mersey Seven",-66.48983,41.94733,69,"103.03",NA
"34",100,"gonad",8.9752,1.7887,11.0902777777778,7.1865,0.800706390943934,2024-08-13,2024-08-14,2024-08-14,"Mersey Seven",-66.41917,42.005,100,"117.95","m"
"35",101,"gonad",3.2759,0.6026,11.0902777777778,2.6733,0.81605055099362,2024-08-13,2024-08-14,2024-08-14,"Mersey Seven",-66.41917,42.005,101,"110.55","f"
"36",102,"gonad",11.2414,2.2006,11.0902777777778,9.0408,0.804241464586262,2024-08-13,2024-08-14,2024-08-14,"Mersey Seven",-66.41917,42.005,102,"125.26","f"
"37",103,"gonad",18.7837,4.049,13.0069444444444,14.7347,0.78444076513147,2024-08-13,2024-08-14,2024-08-14,"Mersey Seven",-66.41917,42.005,103,"132.08000000000001","f"
"38",104,"gonad",4.0902,0.733,11.0902777777778,3.3572,0.820791159356511,2024-08-13,2024-08-14,2024-08-14,"Mersey Seven",-66.41917,42.005,104,"110.58","f"
"39",105,"gonad",12.7681,2.6918,11.0902777777778,10.0763,0.789177716339941,2024-08-13,2024-08-14,2024-08-14,"Mersey Seven",-66.41917,42.005,105,"136.62","f"
"40",106,"gonad",2.5675,0.2998,11.0902777777778,2.2677,0.883232716650438,2024-08-13,2024-08-14,2024-08-14,"Mersey Seven",-66.41917,42.005,106,"111.56","m"
"41",107,"gonad",22.0878,4.4793,13.0069444444444,17.6085,0.797204791785511,2024-08-13,2024-08-14,2024-08-14,"Mersey Seven",-66.41917,42.005,107,"139.29","f"
"42",108,"gonad",6.0725,1.3404,11.0902777777778,4.7321,0.779267188143269,2024-08-13,2024-08-14,2024-08-14,"Mersey Seven",-66.41917,42.005,108,"110.67","m"
"43",109,"gonad",7.4949,1.4273,9.0625,6.0676,0.809563836742318,2024-08-13,2024-08-14,2024-08-14,"Mersey Seven",-66.41917,42.005,109,"125.98","f"
"44",110,"gonad",6.4807,1.2779,9.0625,5.2028,0.802814510778157,2024-08-13,2024-08-14,2024-08-14,"Mersey Seven",-66.41917,42.005,110,"120.21","f"
"45",111,"gonad",7.0579,1.3198,9.0625,5.7381,0.813003868006064,2024-08-13,2024-08-14,2024-08-14,"Mersey Seven",-66.41917,42.005,111,"124.75","f"
"46",112,"gonad",10.3417,1.9939,9.0625,8.3478,0.807198042874963,2024-08-13,2024-08-14,2024-08-14,"Mersey Seven",-66.41917,42.005,112,"121.29","m"
"47",113,"gonad",11.0533,2.4058,9.0625,8.6475,0.782345543864728,2024-08-13,2024-08-14,2024-08-14,"Mersey Seven",-66.41917,42.005,113,"130.04","m"
"48",114,"gonad",8.4689,1.6976,9.0625,6.7713,0.799548937878591,2024-08-13,2024-08-14,2024-08-14,"Mersey Seven",-66.41917,42.005,114,"110.26","f"
"49",115,"gonad",10.2209,2.2046,9.0625,8.0163,0.784304708978661,2024-08-13,2024-08-14,2024-08-14,"Mersey Seven",-66.41917,42.005,115,"121.49","m"
"50",116,"gonad",10.2468,1.9465,9.0625,8.3003,0.810038255845728,2024-08-13,2024-08-14,2024-08-14,"Mersey Seven",-66.41917,42.005,116,"129.19999999999999","f"
"51",117,"gonad",11.2614,11.2614,0,0,0,2024-08-13,2024-08-14,2024-08-14,"Mersey Seven",-66.41917,42.005,117,"124.63","m"
"52",118,"gonad",5.6421,0.9868,9.0625,4.6553,0.825100583116216,2024-08-13,2024-08-14,2024-08-14,"Mersey Seven",-66.41917,42.005,118,"123.49","f"
"53",119,"gonad",3.2943,0.6276,9.0625,2.6667,0.809489117566706,2024-08-13,2024-08-14,2024-08-14,"Mersey Seven",-66.41917,42.005,119,"124.03","m"
"54",120,"gonad",5.956,1.1717,9.0625,4.7843,0.803274009402283,2024-08-13,2024-08-14,2024-08-14,"Mersey Seven",-66.41917,42.005,120,"116.59","f"
"55",121,"gonad",8.4565,1.6155,9.0625,6.841,0.808963519186425,2024-08-13,2024-08-14,2024-08-14,"Mersey Seven",-66.41917,42.005,121,"132.84","f"
"56",122,"gonad",5.6275,1.1833,9.0625,4.4442,0.789729009329187,2024-08-13,2024-08-14,2024-08-14,"Mersey Seven",-66.41917,42.005,122,"108.62","m"
"57",123,"gonad",14.6262,3.0981,9.0625,11.5281,0.788181482545022,2024-08-13,2024-08-14,2024-08-14,"Mersey Seven",-66.41917,42.005,123,"129.1","f"
"58",124,"gonad",6.7071,1.3186,9.0625,5.3885,0.803402364658347,2024-08-13,2024-08-14,2024-08-14,"Mersey Seven",-66.41917,42.005,124,"118.8","f"
"59",125,"gonad",9.4347,2.0439,9.0625,7.3908,0.783363540971096,2024-08-13,2024-08-14,2024-08-14,"Mersey Seven",-66.41917,42.005,125,"111.93","f"
"60",126,"gonad",15.8528,3.4358,9.0625,12.417,0.783268570851837,2024-08-13,2024-08-14,2024-08-14,"Mersey Seven",-66.41917,42.005,126,"134.9","f"
"61",127,"gonad",7.6861,1.2209,9.0625,6.4652,0.84115481193323,2024-08-13,2024-08-14,2024-08-14,"Mersey Seven",-66.41917,42.005,127,"119.87","f"
"62",128,"gonad",8.6122,1.7537,9.0625,6.8585,0.796370265437403,2024-08-13,2024-08-14,2024-08-14,"Mersey Seven",-66.41917,42.005,128,"116.99","f"
"63",129,"gonad",3.6788,0.831,9.0625,2.8478,0.774111123192345,2024-08-13,2024-08-14,2024-08-14,"Mersey Seven",-66.41917,42.005,129,"99.25","m"
"64",150,"gonad",8.3754,1.8212,8.95833333333333,6.5542,0.782553669078492,2024-09-22,2024-09-23,2024-09-23,"Fortune Lady",-66.99783,42.091,150,"104.81","f"
"65",151,"gonad",15.3511,3.7236,8.95833333333333,11.6275,0.757437577763157,2024-09-22,2024-09-23,2024-09-23,"Fortune Lady",-66.99783,42.091,151,"110.62","m"
"66",152,"gonad",11.8697,2.5418,10.8958333333333,9.3279,0.785858109303521,2024-09-22,2024-09-23,2024-09-23,"Fortune Lady",-66.99783,42.091,152,"123.61","f"
"67",153,"gonad",13.7662,2.9404,10.8958333333333,10.8258,0.786404381746597,2024-09-22,2024-09-23,2024-09-23,"Fortune Lady",-66.99783,42.091,153,"115.55","m"
"68",154,"gonad",20.772,4.4976,10.8958333333333,16.2744,0.783477758521086,2024-09-22,2024-09-23,2024-09-23,"Fortune Lady",-66.99783,42.091,154,"131.62","f"
"69",155,"gonad",10.6206,2.4561,8.95833333333333,8.1645,0.768741878989888,2024-09-22,2024-09-23,2024-09-23,"Fortune Lady",-66.99783,42.091,155,"109.88","m"
"70",156,"gonad",9.7961,2.0226,8.95833333333333,7.7735,0.793530078296465,2024-09-22,2024-09-23,2024-09-23,"Fortune Lady",-66.99783,42.091,156,"114.37","f"
"71",157,"gonad",8.0752,1.6666,8.95833333333333,6.4086,0.793615018823063,2024-09-22,2024-09-23,2024-09-23,"Fortune Lady",-66.99783,42.091,157,"105.15","m"
"72",158,"gonad",18.0544,4.2426,10.8958333333333,13.8118,0.765010191421482,2024-09-22,2024-09-23,2024-09-23,"Fortune Lady",-66.99783,42.091,158,"113.9","m"
"73",159,"gonad",11.6407,2.4871,8.95833333333333,9.1536,0.786344463820904,2024-09-22,2024-09-23,2024-09-23,"Fortune Lady",-66.99783,42.091,159,"110.32","m"
"74",160,"gonad",3.292,0.5938,8.95833333333333,2.6982,0.819623329283111,2024-09-22,2024-09-23,2024-09-23,"Fortune Lady",-66.99783,42.091,160,"105.32","f"
"75",161,"gonad",16.2046,3.5066,10.8958333333333,12.698,0.7836046554682,2024-09-22,2024-09-23,2024-09-23,"Fortune Lady",-66.99783,42.091,161,"118.28","f"
"76",162,"gonad",18.3315,4.1266,10.8958333333333,14.2049,0.774890216294357,2024-09-22,2024-09-23,2024-09-23,"Fortune Lady",-66.99783,42.091,162,"108.9","f"
"77",163,"gonad",9.8947,2.0937,8.95833333333333,7.801,0.788401871709097,2024-09-22,2024-09-23,2024-09-23,"Fortune Lady",-66.99783,42.091,163,"112.98","f"
"78",164,"gonad",15.2556,3.5036,10.8958333333333,11.752,0.770340071842471,2024-09-22,2024-09-23,2024-09-23,"Fortune Lady",-66.99783,42.091,164,"106.98","m"
"79",165,"gonad",11.7997,2.4667,10.8958333333333,9.333,0.790952312346924,2024-09-22,2024-09-23,2024-09-23,"Fortune Lady",-66.99783,42.091,165,"109.5","f"
"80",166,"gonad",13.4554,2.5847,10.8958333333333,10.8707,0.807906119476195,2024-09-22,2024-09-23,2024-09-23,"Fortune Lady",-66.99783,42.091,166,"121.77","f"
"81",167,"gonad",14.8724,3.1859,10.8958333333333,11.6865,0.785784406013824,2024-09-22,2024-09-23,2024-09-23,"Fortune Lady",-66.99783,42.091,167,"110.9","f"
"82",168,"gonad",19.7421,4.0798,10.8958333333333,15.6623,0.793345186175736,2024-09-22,2024-09-23,2024-09-23,"Fortune Lady",-66.99783,42.091,168,"108.44","f"
"83",169,"gonad",12.2669,2.6008,13.1041666666667,9.6661,0.787982293815063,2024-09-22,2024-09-23,2024-09-23,"Fortune Lady",-66.99783,42.091,169,"113.46","f"
"84",170,"gonad",5.4237,1.1767,8.95833333333333,4.247,0.78304478492542,2024-09-22,2024-09-23,2024-09-23,"Fortune Lady",-66.99783,42.091,170,"103.19","m"
"85",171,"gonad",12.3426,2.883,13.1041666666667,9.4596,0.766418744834962,2024-09-22,2024-09-23,2024-09-23,"Fortune Lady",-66.99783,42.091,171,"108.84","m"
"86",172,"gonad",14.0506,2.986,13.1041666666667,11.0646,0.787482385093875,2024-09-22,2024-09-23,2024-09-23,"Fortune Lady",-66.99783,42.091,172,"110","f"
"87",173,"gonad",17.6615,3.7877,10.8958333333333,13.8738,0.785539167114911,2024-09-22,2024-09-23,2024-09-23,"Fortune Lady",-66.99783,42.091,173,"118.05","f"
"88",174,"gonad",4.8744,0.5955,8.95833333333333,4.2789,0.877831117676022,2024-09-22,2024-09-23,2024-09-23,"Fortune Lady",-66.99783,42.091,174,"116.89","f"
"89",175,"gonad",11.6512,2.5407,8.95833333333333,9.1105,0.781936624553694,2024-09-22,2024-09-23,2024-09-23,"Fortune Lady",-66.99783,42.091,175,"108.28","f"
"90",176,"gonad",22.2726,4.6223,10.8958333333333,17.6503,0.79246697736232,2024-09-22,2024-09-23,2024-09-23,"Fortune Lady",-66.99783,42.091,176,"123.73","f"
"91",177,"gonad",14.0483,3.0994,10.8958333333333,10.9489,0.779375440444751,2024-09-22,2024-09-23,2024-09-23,"Fortune Lady",-66.99783,42.091,177,"110.53","f"
"92",178,"gonad",18.1767,4.2962,13.1041666666667,13.8805,0.763642465353997,2024-09-22,2024-09-23,2024-09-23,"Fortune Lady",-66.99783,42.091,178,"118.87","f"
"93",179,"gonad",12.0764,2.5362,10.8958333333333,9.5402,0.789987082243053,2024-09-22,2024-09-23,2024-09-23,"Fortune Lady",-66.99783,42.091,179,"109.7","f"
"94",229,"gonad",2.48,0.39,5.875,2.09,0.842741935483871,2024-10-08,2024-10-09,2024-10-09,"Fortune Lady",-66.595,41.95067,229,"119.57","f"
"95",230,"gonad",10.63,2.22,6.89583333333333,8.41,0.791157102539981,2024-10-08,2024-10-09,2024-10-09,"Fortune Lady",-66.595,41.95067,230,"111.51","m"
"96",231,"gonad",9.84,2.05,5.07291666666667,7.79,0.791666666666667,2024-10-08,2024-10-09,2024-10-09,"Fortune Lady",-66.595,41.95067,231,"126.34","f"
"97",232,"gonad",8.25,1.16,7.85416666666667,7.09,0.859393939393939,2024-10-08,2024-10-09,2024-10-09,"Fortune Lady",-66.595,41.95067,232,"132.52000000000001","f"
"98",233,"gonad",12.78,2.62,7.85416666666667,10.16,0.794992175273865,2024-10-08,2024-10-09,2024-10-09,"Fortune Lady",-66.595,41.95067,233,"131.88","m"
"99",234,"gonad",6.13,1.11,5.07291666666667,5.02,0.818923327895595,2024-10-08,2024-10-09,2024-10-09,"Fortune Lady",-66.595,41.95067,234,"120.54","f"
"100",235,"gonad",13.88,2.94,5.97916666666667,10.94,0.788184438040346,2024-10-08,2024-10-09,2024-10-09,"Fortune Lady",-66.595,41.95067,235,"117.73","m"
"101",236,"gonad",5.46,0.71,2.83333333333333,4.75,0.86996336996337,2024-10-08,2024-10-09,2024-10-09,"Fortune Lady",-66.595,41.95067,236,"126.87","f"
"102",237,"gonad",4.97,0.85,5.07291666666667,4.12,0.82897384305835,2024-10-08,2024-10-09,2024-10-09,"Fortune Lady",-66.595,41.95067,237,"124.89","f"
"103",238,"gonad",9.76,1.95,5.07291666666667,7.81,0.800204918032787,2024-10-08,2024-10-09,2024-10-09,"Fortune Lady",-66.595,41.95067,238,"120.91","m"
"104",239,"gonad",6.25,1.01,5.875,5.24,0.8384,2024-10-08,2024-10-09,2024-10-09,"Fortune Lady",-66.595,41.95067,239,"120.48","f"
"105",240,"gonad",8.24,1.42,5.07291666666667,6.82,0.827669902912621,2024-10-08,2024-10-09,2024-10-09,"Fortune Lady",-66.595,41.95067,240,"124.03","f"
"106",241,"gonad",3.84,0.63,2.83333333333333,3.21,0.8359375,2024-10-08,2024-10-09,2024-10-09,"Fortune Lady",-66.595,41.95067,241,"126.92","f"
"107",242,"gonad",5.64,1.08,5.07291666666667,4.56,0.808510638297872,2024-10-08,2024-10-09,2024-10-09,"Fortune Lady",-66.595,41.95067,242,"130.30000000000001","m"
"108",243,"gonad",15.63,3.11,5.07291666666667,12.52,0.801023672424824,2024-10-08,2024-10-09,2024-10-09,"Fortune Lady",-66.595,41.95067,243,"127.32","f"
"109",244,"gonad",5.58,0.57,2.83333333333333,5.01,0.897849462365591,2024-10-08,2024-10-09,2024-10-09,"Fortune Lady",-66.595,41.95067,244,"123.34","u"
"110",245,"gonad",4.75,0.54,5.07291666666667,4.21,0.886315789473684,2024-10-08,2024-10-09,2024-10-09,"Fortune Lady",-66.595,41.95067,245,"125.53","f"
"111",246,"gonad",5.81,0.91,5.875,4.9,0.843373493975904,2024-10-08,2024-10-09,2024-10-09,"Fortune Lady",-66.595,41.95067,246,"127.99","m"
"112",247,"gonad",7.42,1.28,2.83333333333333,6.14,0.827493261455526,2024-10-08,2024-10-09,2024-10-09,"Fortune Lady",-66.595,41.95067,247,"122.79","f"
"113",248,"gonad",6.04,0.97,2.83333333333333,5.07,0.839403973509934,2024-10-08,2024-10-09,2024-10-09,"Fortune Lady",-66.595,41.95067,248,"137.87","f"
"114",249,"gonad",8.34,1.48,7.85416666666667,6.86,0.822541966426859,2024-10-08,2024-10-09,2024-10-09,"Fortune Lady",-66.595,41.95067,249,"123.4","f"
"115",250,"gonad",3.7,0.73,7.85416666666667,2.97,0.802702702702703,2024-10-08,2024-10-09,2024-10-09,"Fortune Lady",-66.595,41.95067,250,"126.6","m"
"116",251,"gonad",12.25,12.25,0,0,0,2024-10-08,2024-10-09,2024-10-09,"Fortune Lady",-66.595,41.95067,251,"124.63","f"
"117",252,"gonad",5.02,0.77,7.85416666666667,4.25,0.846613545816733,2024-10-08,2024-10-09,2024-10-09,"Fortune Lady",-66.595,41.95067,252,"114.97","m"
"118",253,"gonad",7.65,1.03,7.85416666666667,6.62,0.865359477124183,2024-10-08,2024-10-09,2024-10-09,"Fortune Lady",-66.595,41.95067,253,"142.77000000000001","f"
"119",254,"gonad",5.42,0.91,7.85416666666667,4.51,0.83210332103321,2024-10-08,2024-10-09,2024-10-09,"Fortune Lady",-66.595,41.95067,254,"130.5","f"
"120",255,"gonad",6.49,0.68,7.85416666666667,5.81,0.895223420647149,2024-10-08,2024-10-09,2024-10-09,"Fortune Lady",-66.595,41.95067,255,"128.41999999999999","u"
"121",256,"gonad",2.81,0.39,5.07291666666667,2.42,0.861209964412811,2024-10-08,2024-10-09,2024-10-09,"Fortune Lady",-66.595,41.95067,256,"129.6","m"
"122",257,"gonad",6.42,1.03,5.07291666666667,5.39,0.839563862928349,2024-10-08,2024-10-09,2024-10-09,"Fortune Lady",-66.595,41.95067,257,"131.58000000000001","f"
"123",258,"gonad",10.28,1.96,5.07291666666667,8.32,0.809338521400778,2024-10-08,2024-10-09,2024-10-09,"Fortune Lady",-66.595,41.95067,258,"131.35","m"
"124",289,"gonad",0.99,0.17,6.85416666666667,0.82,0.828282828282828,2024-11-27,2024-11-28,2024-11-28,"Fortune Lady",-66.312,41.892,289,"100.19","f"
"125",290,"gonad",2.61,0.32,6.85416666666667,2.29,0.877394636015326,2024-11-27,2024-11-28,2024-11-28,"Fortune Lady",-66.312,41.892,290,"119.27","f"
"126",291,"gonad",3.24,0.35,5.07291666666667,2.89,0.891975308641975,2024-11-27,2024-11-28,2024-11-28,"Fortune Lady",-66.312,41.892,291,"121.74","m"
"127",292,"gonad",1.39,0.21,6.85416666666667,1.18,0.848920863309353,2024-11-27,2024-11-28,2024-11-28,"Fortune Lady",-66.312,41.892,292,"115.78","m"
"128",293,"gonad",1.88,0.26,6.85416666666667,1.62,0.861702127659574,2024-11-27,2024-11-28,2024-11-28,"Fortune Lady",-66.312,41.892,293,"120.35","m"
"129",294,"gonad",1.57,0.19,5.07291666666667,1.38,0.878980891719745,2024-11-27,2024-11-28,2024-11-28,"Fortune Lady",-66.312,41.892,294,"104.63","m"
"130",295,"gonad",1.43,0.2,5.875,1.23,0.86013986013986,2024-11-27,2024-11-28,2024-11-28,"Fortune Lady",-66.312,41.892,295,"110.83","m"
"131",297,"gonad",2.03,0.28,5.07291666666667,1.75,0.862068965517241,2024-11-27,2024-11-28,2024-11-28,"Fortune Lady",-66.312,41.892,297,"109.98","f"
"132",299,"gonad",3.72,0.45,5.07291666666667,3.27,0.879032258064516,2024-11-27,2024-11-28,2024-11-28,"Fortune Lady",-66.312,41.892,299,"125.33","f"
"133",300,"gonad",3.4,0.43,5.875,2.97,0.873529411764706,2024-11-27,2024-11-28,2024-11-28,"Fortune Lady",-66.312,41.892,300,"128.97","m"
"134",301,"gonad",1.07,0.18,5.875,0.89,0.83177570093458,2024-11-27,2024-11-28,2024-11-28,"Fortune Lady",-66.312,41.892,301,"95.92","f"
"135",302,"gonad",2.04,0.29,5.89583333333333,1.75,0.857843137254902,2024-11-27,2024-11-28,2024-11-28,"Fortune Lady",-66.312,41.892,302,"102.3","m"
"136",303,"gonad",2.08,0.28,5.89583333333333,1.8,0.865384615384615,2024-11-27,2024-11-28,2024-11-28,"Fortune Lady",-66.312,41.892,303,"111.9","f"
"137",304,"gonad",2.27,0.31,5.875,1.96,0.863436123348018,2024-11-27,2024-11-28,2024-11-28,"Fortune Lady",-66.312,41.892,304,"117.18","f"
"138",305,"gonad",1.69,0.26,5.89583333333333,1.43,0.846153846153846,2024-11-27,2024-11-28,2024-11-28,"Fortune Lady",-66.312,41.892,305,"107.08","m"
"139",306,"gonad",2.13,0.31,5.875,1.82,0.854460093896714,2024-11-27,2024-11-28,2024-11-28,"Fortune Lady",-66.312,41.892,306,"113.49","f"
"140",307,"gonad",1.86,0.23,5.875,1.63,0.876344086021505,2024-11-27,2024-11-28,2024-11-28,"Fortune Lady",-66.312,41.892,307,"101.95","f"
"141",308,"gonad",1.67,0.22,5.875,1.45,0.868263473053892,2024-11-27,2024-11-28,2024-11-28,"Fortune Lady",-66.312,41.892,308,"107.25","m"
"142",309,"gonad",2.51,0.31,5.89583333333333,2.2,0.876494023904382,2024-11-27,2024-11-28,2024-11-28,"Fortune Lady",-66.312,41.892,309,"110.09","f"
"143",310,"gonad",2.16,0.25,5.07291666666667,1.91,0.884259259259259,2024-11-27,2024-11-28,2024-11-28,"Fortune Lady",-66.312,41.892,310,"103.63","m"
"144",312,"gonad",2.01,0.27,5.07291666666667,1.74,0.865671641791045,2024-11-27,2024-11-28,2024-11-28,"Fortune Lady",-66.312,41.892,312,"116.34","f"
"145",313,"gonad",2.51,0.33,5.07291666666667,2.18,0.868525896414343,2024-11-27,2024-11-28,2024-11-28,"Fortune Lady",-66.312,41.892,313,"105.9","f"
"146",314,"gonad",3.32,0.41,5.07291666666667,2.91,0.876506024096386,2024-11-27,2024-11-28,2024-11-28,"Fortune Lady",-66.312,41.892,314,"123.77","f"
"147",315,"gonad",0.95,0.14,5.07291666666667,0.81,0.852631578947368,2024-11-27,2024-11-28,2024-11-28,"Fortune Lady",-66.312,41.892,315,"101.05","f"
"148",316,"gonad",2.05,0.25,5.07291666666667,1.8,0.878048780487805,2024-11-27,2024-11-28,2024-11-28,"Fortune Lady",-66.312,41.892,316,"106.26","f"
"149",317,"gonad",2.2,0.27,5.07291666666667,1.93,0.877272727272727,2024-11-27,2024-11-28,2024-11-28,"Fortune Lady",-66.312,41.892,317,"109.75","m"
"150",318,"gonad",1.7,0.24,5.07291666666667,1.46,0.858823529411765,2024-11-27,2024-11-28,2024-11-28,"Fortune Lady",-66.312,41.892,318,"103.08","m"
"151",319,"gonad",1.39,0.19,5.875,1.2,0.863309352517986,2024-11-27,2024-11-28,2024-11-28,"Fortune Lady",-66.312,41.892,319,"100.47","f"
"152",320,"gonad",2.05,0.28,6.85416666666667,1.77,0.863414634146342,2024-11-27,2024-11-28,2024-11-28,"Fortune Lady",-66.312,41.892,320,"121.64","m"
"153",321,"gonad",2.05,0.31,5.89583333333333,1.74,0.848780487804878,2024-11-27,2024-11-28,2024-11-28,"Fortune Lady",-66.312,41.892,321,"122.11","m"
"154",342,"gonad",1.61,0.27,7.85416666666667,1.34,0.832298136645963,2024-12-17,2024-12-18,2024-12-18,"Fortune Lady",-66.90417,42.06317,342,"118.25","f"
"155",344,"gonad",1,0.14,2.83333333333333,0.86,0.86,2024-12-17,2024-12-18,2024-12-18,"Fortune Lady",-66.90417,42.06317,344,"94.46","f"
"156",345,"gonad",3.28,0.62,5.875,2.66,0.810975609756098,2024-12-17,2024-12-18,2024-12-18,"Fortune Lady",-66.90417,42.06317,345,"127.57","f"
"157",346,"gonad",2.87,0.43,5.875,2.44,0.850174216027874,2024-12-17,2024-12-18,2024-12-18,"Fortune Lady",-66.90417,42.06317,346,"131.16999999999999","NA"
"158",347,"gonad",1.29,0.22,2.83333333333333,1.07,0.829457364341085,2024-12-17,2024-12-18,2024-12-18,"Fortune Lady",-66.90417,42.06317,347,"106.66","NA"
"159",348,"gonad",5.02,0.59,4.07638888888889,4.43,0.882470119521912,2024-12-17,2024-12-18,2024-12-18,"Fortune Lady",-66.90417,42.06317,348,"137.13","m"
"160",350,"gonad",1.96,0.26,2.83333333333333,1.7,0.86734693877551,2024-12-17,2024-12-18,2024-12-18,"Fortune Lady",-66.90417,42.06317,350,"104.52","m"
"161",351,"gonad",3.88,0.5,4.07638888888889,3.38,0.871134020618557,2024-12-17,2024-12-18,2024-12-18,"Fortune Lady",-66.90417,42.06317,351,"120.22","m"
"162",352,"gonad",4.25,0.46,4.07638888888889,3.79,0.891764705882353,2024-12-17,2024-12-18,2024-12-18,"Fortune Lady",-66.90417,42.06317,352,"119.3","m"
"163",353,"gonad",1.81,0.26,7.85416666666667,1.55,0.856353591160221,2024-12-17,2024-12-18,2024-12-18,"Fortune Lady",-66.90417,42.06317,353,"121.91","NA"
"164",354,"gonad",3.79,0.56,4.07638888888889,3.23,0.852242744063325,2024-12-17,2024-12-18,2024-12-18,"Fortune Lady",-66.90417,42.06317,354,"123.33","f"
"165",356,"gonad",4.07,0.62,5.875,3.45,0.847665847665848,2024-12-17,2024-12-18,2024-12-18,"Fortune Lady",-66.90417,42.06317,356,"132.62","f"
"166",357,"gonad",3.3,0.93,2.83333333333333,2.37,0.718181818181818,2024-12-17,2024-12-18,2024-12-18,"Fortune Lady",-66.90417,42.06317,357,"113.74","f"
"167",358,"gonad",3.92,0.57,4.07638888888889,3.35,0.854591836734694,2024-12-17,2024-12-18,2024-12-18,"Fortune Lady",-66.90417,42.06317,358,"119.09","f"
"168",359,"gonad",2.34,0.22,2.83333333333333,2.12,0.905982905982906,2024-12-17,2024-12-18,2024-12-18,"Fortune Lady",-66.90417,42.06317,359,"101.6","m"
"169",360,"gonad",1.59,0.44,7.85416666666667,1.15,0.723270440251572,2024-12-17,2024-12-18,2024-12-18,"Fortune Lady",-66.90417,42.06317,360,"114.39","f"
"170",361,"gonad",2.39,0.31,2.83333333333333,2.08,0.870292887029289,2024-12-17,2024-12-18,2024-12-18,"Fortune Lady",-66.90417,42.06317,361,"104.42","m"
"171",362,"gonad",1.63,0.2,4.07638888888889,1.43,0.877300613496933,2024-12-17,2024-12-18,2024-12-18,"Fortune Lady",-66.90417,42.06317,362,"103.47","m"
"172",363,"gonad",1.6,0.31,2.83333333333333,1.29,0.80625,2024-12-17,2024-12-18,2024-12-18,"Fortune Lady",-66.90417,42.06317,363,"114.43","m"
"173",364,"gonad",3.01,0.38,4.07638888888889,2.63,0.87375415282392,2024-12-17,2024-12-18,2024-12-18,"Fortune Lady",-66.90417,42.06317,364,"124.05","f"
"174",365,"gonad",2.54,0.31,5.875,2.23,0.877952755905512,2024-12-17,2024-12-18,2024-12-18,"Fortune Lady",-66.90417,42.06317,365,"105.39","m"
"175",366,"gonad",2.2,0.31,2.83333333333333,1.89,0.859090909090909,2024-12-17,2024-12-18,2024-12-18,"Fortune Lady",-66.90417,42.06317,366,"109.62","f"
"176",367,"gonad",3.15,0.42,4.07638888888889,2.73,0.866666666666667,2024-12-17,2024-12-18,2024-12-18,"Fortune Lady",-66.90417,42.06317,367,"114.91","m"
"177",368,"gonad",1.6,0.25,4.07638888888889,1.35,0.84375,2024-12-17,2024-12-18,2024-12-18,"Fortune Lady",-66.90417,42.06317,368,"104.55","f"
"178",370,"gonad",1.69,0.26,5.875,1.43,0.846153846153846,2024-12-17,2024-12-18,2024-12-18,"Fortune Lady",-66.90417,42.06317,370,"107.99","f"
"179",371,"gonad",2.58,0.4,2.83333333333333,2.18,0.844961240310078,2024-12-17,2024-12-18,2024-12-18,"Fortune Lady",-66.90417,42.06317,371,"120.94","NA"
"180",381,"gonad",2.24,0.35,4.07638888888889,1.89,0.84375,2024-12-17,2024-12-18,2024-12-18,"Fortune Lady",-66.90417,42.06317,381,"122.33","f"
"181",382,"gonad",4.66,0.57,4.07638888888889,4.09,0.877682403433476,2024-12-17,2024-12-18,2024-12-18,"Fortune Lady",-66.90417,42.06317,382,"134.82","f"
"182",383,"gonad",3.63,0.45,4.07638888888889,3.18,0.87603305785124,2024-12-17,2024-12-18,2024-12-18,"Fortune Lady",-66.90417,42.06317,383,"123.43","m"
"183",396,"gonad",3.52,0.69,6.85416666666667,2.83,0.803977272727273,2025-02-04,2025-02-05,2025-02-05,"Fortune Lady",-66.83183,42.04467,396,"103.01","f"
"184",397,"gonad",5.33,0.99,5.07291666666667,4.34,0.814258911819887,2025-02-04,2025-02-05,2025-02-05,"Fortune Lady",-66.83183,42.04467,397,"102.17","f"
"185",398,"gonad",4.06,0.82,6.85416666666667,3.24,0.798029556650246,2025-02-04,2025-02-05,2025-02-05,"Fortune Lady",-66.83183,42.04467,398,"99.95","f"
"186",399,"gonad",2.44,0.39,6.85416666666667,2.05,0.840163934426229,2025-02-04,2025-02-05,2025-02-05,"Fortune Lady",-66.83183,42.04467,399,"97.83","m"
"187",400,"gonad",4.19,0.74,6.85416666666667,3.45,0.823389021479713,2025-02-04,2025-02-05,2025-02-05,"Fortune Lady",-66.83183,42.04467,400,"104.66","m"
"188",401,"gonad",2.35,0.33,6.85416666666667,2.02,0.859574468085107,2025-02-04,2025-02-05,2025-02-05,"Fortune Lady",-66.83183,42.04467,401,"108.06","m"
"189",402,"gonad",3.53,0.53,5.07291666666667,3,0.84985835694051,2025-02-04,2025-02-05,2025-02-05,"Fortune Lady",-66.83183,42.04467,402,"110.33","m"
"190",403,"gonad",2.02,0.29,5.07291666666667,1.73,0.856435643564356,2025-02-04,2025-02-05,2025-02-05,"Fortune Lady",-66.83183,42.04467,403,"107.78","f"
"191",404,"gonad",7.12,1.59,5.07291666666667,5.53,0.776685393258427,2025-02-04,2025-02-05,2025-02-05,"Fortune Lady",-66.83183,42.04467,404,"103.3","m"
"192",405,"gonad",4.19,0.87,5.875,3.32,0.79236276849642,2025-02-04,2025-02-05,2025-02-05,"Fortune Lady",-66.83183,42.04467,405,"106.31","m"
"193",406,"gonad",3.97,0.62,6.85416666666667,3.35,0.843828715365239,2025-02-04,2025-02-05,2025-02-05,"Fortune Lady",-66.83183,42.04467,406,"101.01","m"
"194",407,"gonad",2.19,0.34,5.89583333333333,1.85,0.844748858447489,2025-02-04,2025-02-05,2025-02-05,"Fortune Lady",-66.83183,42.04467,407,"100.5","f"
"195",409,"gonad",2.71,0.43,5.07291666666667,2.28,0.841328413284133,2025-02-04,2025-02-05,2025-02-05,"Fortune Lady",-66.83183,42.04467,409,"99.71","m"
"196",410,"gonad",4.55,0.93,5.07291666666667,3.62,0.795604395604396,2025-02-04,2025-02-05,2025-02-05,"Fortune Lady",-66.83183,42.04467,410,"103.83","f"
"197",411,"gonad",1.83,0.27,5.07291666666667,1.56,0.852459016393443,2025-02-04,2025-02-05,2025-02-05,"Fortune Lady",-66.83183,42.04467,411,"102.11","m"
"198",412,"gonad",1.5,0.24,5.07291666666667,1.26,0.84,2025-02-04,2025-02-05,2025-02-05,"Fortune Lady",-66.83183,42.04467,412,"91.82","m"
"199",413,"gonad",5.17,0.61,5.07291666666667,4.56,0.882011605415861,2025-02-04,2025-02-05,2025-02-05,"Fortune Lady",-66.83183,42.04467,413,"126.15","m"
"200",414,"gonad",2.99,0.41,5.07291666666667,2.58,0.862876254180602,2025-02-04,2025-02-05,2025-02-05,"Fortune Lady",-66.83183,42.04467,414,"108","m"
"201",415,"gonad",1.9,0.33,5.07291666666667,1.57,0.826315789473684,2025-02-04,2025-02-05,2025-02-05,"Fortune Lady",-66.83183,42.04467,415,"99.91","m"
"202",416,"gonad",6.81,1.36,5.875,5.45,0.800293685756241,2025-02-04,2025-02-05,2025-02-05,"Fortune Lady",-66.83183,42.04467,416,"107.22","m"
"203",417,"gonad",3.48,0.69,5.07291666666667,2.79,0.801724137931034,2025-02-04,2025-02-05,2025-02-05,"Fortune Lady",-66.83183,42.04467,417,"101.76","f"
"204",418,"gonad",2.18,0.34,5.875,1.84,0.844036697247706,2025-02-04,2025-02-05,2025-02-05,"Fortune Lady",-66.83183,42.04467,418,"100.19","m"
"205",419,"gonad",4.68,0.93,5.875,3.75,0.801282051282051,2025-02-04,2025-02-05,2025-02-05,"Fortune Lady",-66.83183,42.04467,419,"100.31","m"
"206",420,"gonad",4.43,0.51,5.89583333333333,3.92,0.884875846501129,2025-02-04,2025-02-05,2025-02-05,"Fortune Lady",-66.83183,42.04467,420,"106.4","m"
"207",421,"gonad",2.5,0.33,5.89583333333333,2.17,0.868,2025-02-04,2025-02-05,2025-02-05,"Fortune Lady",-66.83183,42.04467,421,"104.9","m"
"208",423,"gonad",4.52,0.88,5.875,3.64,0.805309734513274,2025-02-04,2025-02-05,2025-02-05,"Fortune Lady",-66.83183,42.04467,423,"104.46","f"
"209",424,"gonad",5.19,0.73,6.85416666666667,4.46,0.859344894026975,2025-02-04,2025-02-05,2025-02-05,"Fortune Lady",-66.83183,42.04467,424,"105.01","m"
"210",425,"gonad",3.25,0.58,6.85416666666667,2.67,0.821538461538462,2025-02-04,2025-02-05,2025-02-05,"Fortune Lady",-66.83183,42.04467,425,"103.74","m"
"211",426,"gonad",3.1,0.53,6.85416666666667,2.57,0.829032258064516,2025-02-04,2025-02-05,2025-02-05,"Fortune Lady",-66.83183,42.04467,426,"100.15","m"
"212",427,"gonad",2.71,0.42,5.875,2.29,0.845018450184502,2025-02-04,2025-02-05,2025-02-05,"Fortune Lady",-66.83183,42.04467,427,"98.33","m"
"213",450,"gonad",6.17,1.19,2.83333333333333,4.98,0.807131280388979,2025-03-11,2025-03-12,2025-03-12,"Fortune Lady",-66.79917,42.01433,450,"103.11","f"
"214",451,"gonad",3.17,0.52,2.83333333333333,2.65,0.83596214511041,2025-03-11,2025-03-12,2025-03-12,"Fortune Lady",-66.79917,42.01433,451,"100.83","f"
"215",452,"gonad",5.59,1.05,5.875,4.54,0.81216457960644,2025-03-11,2025-03-12,2025-03-12,"Fortune Lady",-66.79917,42.01433,452,"102.25","f"
"216",453,"gonad",7.35,1.48,4.07638888888889,5.87,0.798639455782313,2025-03-11,2025-03-12,2025-03-12,"Fortune Lady",-66.79917,42.01433,453,"98.28","f"
"217",454,"gonad",2.6,0.47,5.875,2.13,0.819230769230769,2025-03-11,2025-03-12,2025-03-12,"Fortune Lady",-66.79917,42.01433,454,"95.49","m"
"218",455,"gonad",4.48,0.71,2.83333333333333,3.77,0.841517857142857,2025-03-11,2025-03-12,2025-03-12,"Fortune Lady",-66.79917,42.01433,455,"108.48","m"
"219",456,"gonad",3.44,0.6,4.07638888888889,2.84,0.825581395348837,2025-03-11,2025-03-12,2025-03-12,"Fortune Lady",-66.79917,42.01433,456,"99.47","m"
"220",457,"gonad",5.18,1.14,4.07638888888889,4.04,0.77992277992278,2025-03-11,2025-03-12,2025-03-12,"Fortune Lady",-66.79917,42.01433,457,"103.9","f"
"221",459,"gonad",5,1.08,4.07638888888889,3.92,0.784,2025-03-11,2025-03-12,2025-03-12,"Fortune Lady",-66.79917,42.01433,459,"97.61","f"
"222",461,"gonad",7.49,1.44,4.07638888888889,6.05,0.807743658210948,2025-03-11,2025-03-12,2025-03-12,"Fortune Lady",-66.79917,42.01433,461,"113.54","f"
"223",462,"gonad",5.08,0.74,2.83333333333333,4.34,0.854330708661417,2025-03-11,2025-03-12,2025-03-12,"Fortune Lady",-66.79917,42.01433,462,"111.51","f"
"224",463,"gonad",5.61,1.19,2.83333333333333,4.42,0.787878787878788,2025-03-11,2025-03-12,2025-03-12,"Fortune Lady",-66.79917,42.01433,463,"100.77","f"
"225",464,"gonad",6.29,1.14,4.07638888888889,5.15,0.818759936406995,2025-03-11,2025-03-12,2025-03-12,"Fortune Lady",-66.79917,42.01433,464,"104.21","m"
"226",465,"gonad",7.56,1.44,5.875,6.12,0.80952380952381,2025-03-11,2025-03-12,2025-03-12,"Fortune Lady",-66.79917,42.01433,465,"113.9","m"
"227",466,"gonad",3.34,0.53,5.875,2.81,0.841317365269461,2025-03-11,2025-03-12,2025-03-12,"Fortune Lady",-66.79917,42.01433,466,"104.32","m"
"228",467,"gonad",7.3,1.53,6.03125,5.77,0.79041095890411,2025-03-11,2025-03-12,2025-03-12,"Fortune Lady",-66.79917,42.01433,467,"98.02","f"
"229",468,"gonad",6.01,1.19,2.83333333333333,4.82,0.801996672212978,2025-03-11,2025-03-12,2025-03-12,"Fortune Lady",-66.79917,42.01433,468,"101.81","f"
"230",469,"gonad",4.22,0.78,7.85416666666667,3.44,0.815165876777251,2025-03-11,2025-03-12,2025-03-12,"Fortune Lady",-66.79917,42.01433,469,"100.94","m"
"231",470,"gonad",3.18,0.48,2.83333333333333,2.7,0.849056603773585,2025-03-11,2025-03-12,2025-03-12,"Fortune Lady",-66.79917,42.01433,470,"98.93","f"
"232",471,"gonad",5.08,0.84,2.83333333333333,4.24,0.834645669291339,2025-03-11,2025-03-12,2025-03-12,"Fortune Lady",-66.79917,42.01433,471,"100.83","f"
"233",472,"gonad",5.36,1.13,4.07638888888889,4.23,0.789179104477612,2025-03-11,2025-03-12,2025-03-12,"Fortune Lady",-66.79917,42.01433,472,"103.89","f"
"234",473,"gonad",13.46,2.9,6.9375,10.56,0.784546805349183,2025-03-11,2025-03-12,2025-03-12,"Fortune Lady",-66.79917,42.01433,473,"114.02","f"
"235",474,"gonad",3.73,0.64,4.07638888888889,3.09,0.828418230563003,2025-03-11,2025-03-12,2025-03-12,"Fortune Lady",-66.79917,42.01433,474,"106.4","m"
"236",475,"gonad",2.94,0.5,2.83333333333333,2.44,0.829931972789116,2025-03-11,2025-03-12,2025-03-12,"Fortune Lady",-66.79917,42.01433,475,"93.95","m"
"237",476,"gonad",5.59,1.17,6.03125,4.42,0.790697674418605,2025-03-11,2025-03-12,2025-03-12,"Fortune Lady",-66.79917,42.01433,476,"101.25","f"
"238",477,"gonad",5.6,1.16,4.07638888888889,4.44,0.792857142857143,2025-03-11,2025-03-12,2025-03-12,"Fortune Lady",-66.79917,42.01433,477,"100.62","m"
"239",478,"gonad",3.1,0.62,2.83333333333333,2.48,0.8,2025-03-11,2025-03-12,2025-03-12,"Fortune Lady",-66.79917,42.01433,478,"98.07","f"
"240",479,"gonad",3.12,0.58,4.07638888888889,2.54,0.814102564102564,2025-03-11,2025-03-12,2025-03-12,"Fortune Lady",-66.79917,42.01433,479,"100.63","m"
"241",480,"gonad",4.77,0.96,5.875,3.81,0.79874213836478,2025-03-11,2025-03-12,2025-03-12,"Fortune Lady",-66.79917,42.01433,480,"97.51","f"
"242",481,"gonad",4.85,1.06,2.83333333333333,3.79,0.781443298969072,2025-03-11,2025-03-12,2025-03-12,"Fortune Lady",-66.79917,42.01433,481,"98.36","f"
"243",504,"gonad",9.07,1.92,5.93055555555556,7.15,0.788313120176406,2025-04-28,2025-04-29,2025-04-29,"Mersey Seven",-66.700335,41.938335,504,"104.33","m"
"244",505,"gonad",7.76,1.2,4.07638888888889,6.56,0.845360824742268,2025-04-28,2025-04-29,2025-04-29,"Mersey Seven",-66.700335,41.938335,505,"111.47","f"
"245",506,"gonad",9.73,1.68,5.93055555555556,8.05,0.827338129496403,2025-04-28,2025-04-29,2025-04-29,"Mersey Seven",-66.700335,41.938335,506,"119.02","m"
"246",507,"gonad",10.22,1.99,6.03125,8.23,0.805283757338552,2025-04-28,2025-04-29,2025-04-29,"Mersey Seven",-66.700335,41.938335,507,"109.55","f"
"247",508,"gonad",10.06,1.66,4.07638888888889,8.4,0.834990059642147,2025-04-28,2025-04-29,2025-04-29,"Mersey Seven",-66.700335,41.938335,508,"128.74","f"
"248",509,"gonad",5.21,1.08,4.07638888888889,4.13,0.792706333973129,2025-04-28,2025-04-29,2025-04-29,"Mersey Seven",-66.700335,41.938335,509,"99.82","f"
"249",510,"gonad",13.97,2.89,6.03125,11.08,0.793128131710809,2025-04-28,2025-04-29,2025-04-29,"Mersey Seven",-66.700335,41.938335,510,"130.26","f"
"250",511,"gonad",7.61,1.64,5.93055555555556,5.97,0.784494086727989,2025-04-28,2025-04-29,2025-04-29,"Mersey Seven",-66.700335,41.938335,511,"99.29","m"
"251",512,"gonad",10.98,1.7,4.07638888888889,9.28,0.845173041894353,2025-04-28,2025-04-29,2025-04-29,"Mersey Seven",-66.700335,41.938335,512,"125.19","m"
"252",513,"gonad",14.38,2.78,6.03125,11.6,0.806675938803894,2025-04-28,2025-04-29,2025-04-29,"Mersey Seven",-66.700335,41.938335,513,"129.04","f"
"253",514,"gonad",4.61,0.8,5.93055555555556,3.81,0.82646420824295,2025-04-28,2025-04-29,2025-04-29,"Mersey Seven",-66.700335,41.938335,514,"108.66","m"
"254",515,"gonad",15.94,2.55,7.88541666666667,13.39,0.840025094102886,2025-04-28,2025-04-29,2025-04-29,"Mersey Seven",-66.700335,41.938335,515,"135.69999999999999","f"
"255",516,"gonad",17.44,3.96,6.9375,13.48,0.772935779816514,2025-04-28,2025-04-29,2025-04-29,"Mersey Seven",-66.700335,41.938335,516,"108.7","m"
"256",517,"gonad",9.04,1.38,5.93055555555556,7.66,0.847345132743363,2025-04-28,2025-04-29,2025-04-29,"Mersey Seven",-66.700335,41.938335,517,"126.23","f"
"257",518,"gonad",8.87,1.66,5.07291666666667,7.21,0.812852311161218,2025-04-28,2025-04-29,2025-04-29,"Mersey Seven",-66.700335,41.938335,518,"106.25","f"
"258",519,"gonad",15.8,2.91,5.97916666666667,12.89,0.815822784810127,2025-04-28,2025-04-29,2025-04-29,"Mersey Seven",-66.700335,41.938335,519,"128.86000000000001","f"
"259",520,"gonad",8.37,1.63,5.97916666666667,6.74,0.805256869772999,2025-04-28,2025-04-29,2025-04-29,"Mersey Seven",-66.700335,41.938335,520,"107.92","f"
"260",521,"gonad",13.96,2.52,5.97916666666667,11.44,0.819484240687679,2025-04-28,2025-04-29,2025-04-29,"Mersey Seven",-66.700335,41.938335,521,"140.81","f"
"261",522,"gonad",17.89,3.46,6.9375,14.43,0.806595863610956,2025-04-28,2025-04-29,2025-04-29,"Mersey Seven",-66.700335,41.938335,522,"136.25","m"
"262",523,"gonad",23.91,3.95,5.97916666666667,19.96,0.834797156001673,2025-04-28,2025-04-29,2025-04-29,"Mersey Seven",-66.700335,41.938335,523,"127.33","f"
"263",524,"gonad",10.51,2.03,4.07638888888889,8.48,0.806850618458611,2025-04-28,2025-04-29,2025-04-29,"Mersey Seven",-66.700335,41.938335,524,"141.68","f"
"264",525,"gonad",9,1.76,5.97916666666667,7.24,0.804444444444444,2025-04-28,2025-04-29,2025-04-29,"Mersey Seven",-66.700335,41.938335,525,"110.09","f"
"265",526,"gonad",13.41,2.87,5.97916666666667,10.54,0.785980611483967,2025-04-28,2025-04-29,2025-04-29,"Mersey Seven",-66.700335,41.938335,526,"113.86","f"
"266",527,"gonad",6.18,1.25,4.07638888888889,4.93,0.797734627831715,2025-04-28,2025-04-29,2025-04-29,"Mersey Seven",-66.700335,41.938335,527,"110.76","f"
"267",528,"gonad",13.3,2.16,5.97916666666667,11.14,0.837593984962406,2025-04-28,2025-04-29,2025-04-29,"Mersey Seven",-66.700335,41.938335,528,"133.79","f"
"268",529,"gonad",9.76,2.23,6.03125,7.53,0.771516393442623,2025-04-28,2025-04-29,2025-04-29,"Mersey Seven",-66.700335,41.938335,529,"91.63","m"
"269",530,"gonad",4.29,0.89,5.07291666666667,3.4,0.792540792540792,2025-04-28,2025-04-29,2025-04-29,"Mersey Seven",-66.700335,41.938335,530,"110.83","f"
"270",531,"gonad",9.43,1.93,5.07291666666667,7.5,0.795334040296925,2025-04-28,2025-04-29,2025-04-29,"Mersey Seven",-66.700335,41.938335,531,"105.19","f"
"271",532,"gonad",7.35,0.88,5.07291666666667,6.47,0.880272108843537,2025-04-28,2025-04-29,2025-04-29,"Mersey Seven",-66.700335,41.938335,532,"136.38999999999999","m"
"272",533,"gonad",15.44,2.96,5.97916666666667,12.48,0.808290155440414,2025-04-28,2025-04-29,2025-04-29,"Mersey Seven",-66.700335,41.938335,533,"130.63999999999999","m"
"273",553,"gonad",14.19,2.96,5.97916666666667,11.23,0.791402396053559,2025-05-19,2025-05-20,2025-05-20,"Mersey Seven",-66.60333,41.96717,553,"127.59","f"
"274",554,"gonad",13.87,2.64,5.07291666666667,11.23,0.809661139149243,2025-05-19,2025-05-20,2025-05-20,"Mersey Seven",-66.60333,41.96717,554,"133.04","f"
"275",555,"gonad",14.83,3.07,6.03125,11.76,0.792987188132165,2025-05-19,2025-05-20,2025-05-20,"Mersey Seven",-66.60333,41.96717,555,"126.71","f"
"276",556,"gonad",13.9,2.51,5.07291666666667,11.39,0.819424460431655,2025-05-19,2025-05-20,2025-05-20,"Mersey Seven",-66.60333,41.96717,556,"137.19","m"
"277",557,"gonad",8.87,2,6.03125,6.87,0.774520856820744,2025-05-19,2025-05-20,2025-05-20,"Mersey Seven",-66.60333,41.96717,557,"110.11","m"
"278",558,"gonad",11.26,2.34,4.07638888888889,8.92,0.792184724689165,2025-05-19,2025-05-20,2025-05-20,"Mersey Seven",-66.60333,41.96717,558,"114.79","m"
"279",559,"gonad",16.46,3.1,5.97916666666667,13.36,0.811664641555286,2025-05-19,2025-05-20,2025-05-20,"Mersey Seven",-66.60333,41.96717,559,"121.93","f"
"280",561,"gonad",22.58,5.11,12.0208333333333,17.47,0.773693534100974,2025-05-19,2025-05-20,2025-05-20,"Mersey Seven",-66.60333,41.96717,561,"120.24","m"
"281",562,"gonad",15.13,3.32,5.97916666666667,11.81,0.780568407138136,2025-05-19,2025-05-20,2025-05-20,"Mersey Seven",-66.60333,41.96717,562,"104.13","f"
"282",563,"gonad",17.08,3.57,4.07638888888889,13.51,0.790983606557377,2025-05-19,2025-05-20,2025-05-20,"Mersey Seven",-66.60333,41.96717,563,"115.03","f"
"283",564,"gonad",18.03,3.81,6.03125,14.22,0.788685524126456,2025-05-19,2025-05-20,2025-05-20,"Mersey Seven",-66.60333,41.96717,564,"116.5","f"
"284",565,"gonad",17.8,3.6,5.93055555555556,14.2,0.797752808988764,2025-05-19,2025-05-20,2025-05-20,"Mersey Seven",-66.60333,41.96717,565,"136.16999999999999","f"
"285",566,"gonad",14.65,2.76,5.93055555555556,11.89,0.81160409556314,2025-05-19,2025-05-20,2025-05-20,"Mersey Seven",-66.60333,41.96717,566,"111.03","f"
"286",567,"gonad",22.03,4.77,5.97916666666667,17.26,0.783477076713572,2025-05-19,2025-05-20,2025-05-20,"Mersey Seven",-66.60333,41.96717,567,"131.13999999999999","f"
"287",568,"gonad",14.36,3.04,5.97916666666667,11.32,0.788300835654596,2025-05-19,2025-05-20,2025-05-20,"Mersey Seven",-66.60333,41.96717,568,"125.54","m"
"288",569,"gonad",26.06,5.72,5.97916666666667,20.34,0.780506523407521,2025-05-19,2025-05-20,2025-05-20,"Mersey Seven",-66.60333,41.96717,569,"113.01","m"
"289",570,"gonad",34.5,7.15,8.79166666666667,27.35,0.792753623188406,2025-05-19,2025-05-20,2025-05-20,"Mersey Seven",-66.60333,41.96717,570,"141.06","f"
"290",571,"gonad",20.34,4.27,5.93055555555556,16.07,0.790068829891839,2025-05-19,2025-05-20,2025-05-20,"Mersey Seven",-66.60333,41.96717,571,"118.2","f"
"291",572,"gonad",33.88,6.87,8.79166666666667,27.01,0.797225501770956,2025-05-19,2025-05-20,2025-05-20,"Mersey Seven",-66.60333,41.96717,572,"126.18","f"
"292",573,"gonad",12.21,2.49,5.97916666666667,9.72,0.796068796068796,2025-05-19,2025-05-20,2025-05-20,"Mersey Seven",-66.60333,41.96717,573,"99.46","m"
"293",574,"gonad",21.3,4.6,6.9375,16.7,0.784037558685446,2025-05-19,2025-05-20,2025-05-20,"Mersey Seven",-66.60333,41.96717,574,"129.9","m"
"294",575,"gonad",31.38,7.34,11.9583333333333,24.04,0.766093052899936,2025-05-19,2025-05-20,2025-05-20,"Mersey Seven",-66.60333,41.96717,575,"120.93","m"
"295",576,"gonad",9.07,2.02,6.03125,7.05,0.77728776185226,2025-05-19,2025-05-20,2025-05-20,"Mersey Seven",-66.60333,41.96717,576,"110.52","m"
"296",577,"gonad",14.75,3.37,6.03125,11.38,0.771525423728814,2025-05-19,2025-05-20,2025-05-20,"Mersey Seven",-66.60333,41.96717,577,"111.11","m"
"297",578,"gonad",17.85,3.78,6.03125,14.07,0.788235294117647,2025-05-19,2025-05-20,2025-05-20,"Mersey Seven",-66.60333,41.96717,578,"126.22","f"
"298",579,"gonad",21.94,4.64,11.9583333333333,17.3,0.788514129443938,2025-05-19,2025-05-20,2025-05-20,"Mersey Seven",-66.60333,41.96717,579,"143.61000000000001","m"
"299",580,"gonad",20.3,4.14,6.03125,16.16,0.796059113300493,2025-05-19,2025-05-20,2025-05-20,"Mersey Seven",-66.60333,41.96717,580,"124.78","f"
"300",581,"gonad",15.84,3.29,7.88541666666667,12.55,0.79229797979798,2025-05-19,2025-05-20,2025-05-20,"Mersey Seven",-66.60333,41.96717,581,"138.82","m"
"301",582,"gonad",24.34,5.39,5.97916666666667,18.95,0.778553820870994,2025-05-19,2025-05-20,2025-05-20,"Mersey Seven",-66.60333,41.96717,582,"124.98","f"
"302",583,"gonad",22.4,4.61,5.97916666666667,17.79,0.794196428571429,2025-05-19,2025-05-20,2025-05-20,"Mersey Seven",-66.60333,41.96717,583,"125.32","f"
"303",3005,"gonad",18.42,3.29,7.92708333333333,15.13,0.821389793702497,2024-05-30,2026-03-24,2024-06-07,"Fundy Leader",-66.73858,41.99833,3005,"118.8",NA
"304",3006,"gonad",16.3,2.06,6.92708333333333,14.24,0.873619631901841,2024-05-30,2026-03-24,2024-06-07,"Fundy Leader",-66.73858,41.99833,3006,"119",NA
"305",3007,"gonad",9.99,2.02,7.92708333333333,7.97,0.797797797797798,2024-05-30,2026-03-24,2024-06-07,"Fundy Leader",-66.73858,41.99833,3007,"102.3",NA
"306",3008,"gonad",5.9,1.23,6.92708333333333,4.67,0.791525423728814,2024-05-30,2026-03-24,2024-06-07,"Fundy Leader",-66.73858,41.99833,3008,"108.5",NA
"307",3009,"gonad",19.34,4.04,7.92708333333333,15.3,0.791106514994829,2024-05-30,2026-03-24,2024-06-07,"Fundy Leader",-66.73858,41.99833,3009,"110.1",NA
"308",3010,"gonad",7.37,1.55,6.92708333333333,5.82,0.789687924016282,2024-05-30,2026-03-24,2024-06-07,"Fundy Leader",-66.73858,41.99833,3010,"91.4",NA
"309",3011,"gonad",7.41,1.36,6.92708333333333,6.05,0.816464237516869,2024-05-30,2026-03-24,2024-06-07,"Fundy Leader",-66.73858,41.99833,3011,"91.6",NA
"310",3012,"gonad",9.37,1.8,6.92708333333333,7.57,0.807897545357524,2024-05-30,2026-03-24,2024-06-07,"Fundy Leader",-66.73858,41.99833,3012,"102.9",NA
"311",3013,"gonad",10.95,1.25,6.92708333333333,9.7,0.885844748858447,2024-05-30,2026-03-24,2024-06-07,"Fundy Leader",-66.73858,41.99833,3013,"119.9",NA
"312",3014,"gonad",4.63,0.65,6.92708333333333,3.98,0.859611231101512,2024-05-30,2026-03-24,2024-06-07,"Fundy Leader",-66.73858,41.99833,3014,"110.2",NA
"313",3015,"gonad",11.98,1.88,6.79166666666667,10.1,0.843071786310518,2024-05-30,2026-03-24,2024-06-07,"Fundy Leader",-66.73858,41.99833,3015,"119.3",NA
"314",3016,"gonad",18.99,2.1,6.79166666666667,16.89,0.889415481832543,2024-05-30,2026-03-24,2024-06-07,"Fundy Leader",-66.73858,41.99833,3016,"130.80000000000001",NA
"315",3017,"gonad",12.55,1.92,6.79166666666667,10.63,0.847011952191235,2024-05-30,2026-03-24,2024-06-07,"Fundy Leader",-66.73858,41.99833,3017,"133.9",NA
"316",3018,"gonad",10.84,1.45,6.79166666666667,9.39,0.866236162361624,2024-05-30,2026-03-24,2024-06-07,"Fundy Leader",-66.73858,41.99833,3018,"121.7",NA
"317",3019,"gonad",10.06,2.09,6.79166666666667,7.97,0.792246520874752,2024-05-30,2026-03-24,2024-06-07,"Fundy Leader",-66.73858,41.99833,3019,"110.8",NA
"318",3020,"gonad",13.16,2.05,6.79166666666667,11.11,0.844224924012158,2024-05-30,2026-03-24,2024-06-07,"Fundy Leader",-66.73858,41.99833,3020,"125.4",NA
"319",3021,"gonad",5.41,0.97,6.79166666666667,4.44,0.820702402957486,2024-05-30,2026-03-24,2024-06-07,"Fundy Leader",-66.73858,41.99833,3021,"98.5",NA
"320",3022,"gonad",18.17,3.93,7.79166666666667,14.24,0.783709411117226,2024-05-30,2026-03-24,2024-06-07,"Fundy Leader",-66.73858,41.99833,3022,"126.4",NA
"321",3023,"gonad",8.43,1.22,6.79166666666667,7.21,0.855278766310795,2024-05-30,2026-03-24,2024-06-07,"Fundy Leader",-66.73858,41.99833,3023,"110.1",NA
"322",3024,"gonad",21.4,3.9,7.79166666666667,17.5,0.817757009345794,2024-05-30,2026-03-24,2024-06-07,"Fundy Leader",-66.73858,41.99833,3024,"125.8",NA
