Name,Amount/100g,Unit,Technique,Method,Sample
Ash,1.495,g,Gravimetric,AOAC 900.02,2747891
"Calcium, Ca",6.44,mg,ICP,AOAC 985.01 + 984.27,2747891
"Copper, Cu",0.0247,mg,ICP,AOAC 985.01 + 984.27,2747891
"Iron, Fe",0.268,mg,ICP,AOAC 985.01 + 984.27,2747891
"Magnesium, Mg",27,mg,ICP,AOAC 985.01 + 984.27,2747891
"Manganese, Mn",<0.012,mg,ICP,AOAC 985.01 + 984.27,2747891
Nitrogen,2.14,g,Kjeldahl,AOAC 991.20,2747891
"Phosphorus, P",181,mg,ICP,AOAC 985.01 + 984.27,2747891
"Potassium, K",210,mg,ICP,AOAC 985.01 + 984.27,2747891
"Selenium, Se",13.4,µg,ICP-MS,AOAC 2011.19,2747891
"Sodium, Na",375,mg,ICP,AOAC 985.01 + 984.27,2747891
Total lipid (fat),0.48,g,Acid hydrolysis,AOAC 989.05 mod,2747891
Vitamin B-12,1.28,µg,Vitamin B12 by Microbiological Method,AOAC 952.20 and AOAC 960.46 mod.,2747891
Water,83.18,g,Vacuum oven,AOAC 934.06 mod,2747891
"Zinc, Zn",1.06,mg,ICP,AOAC 985.01 + 984.27,2747891
Ash,1.3,g,Gravimetric,AOAC 900.02,2747893
"Calcium, Ca",26,mg,ICP,AOAC 985.01 + 984.27,2747893
"Copper, Cu",<0.025,mg,ICP,AOAC 985.01 + 984.27,2747893
"Iron, Fe",<0.25,mg,ICP,AOAC 985.01 + 984.27,2747893
"Magnesium, Mg",32.9,mg,ICP,AOAC 985.01 + 984.27,2747893
"Manganese, Mn",<0.012,mg,ICP,AOAC 985.01 + 984.27,2747893
Nitrogen,2.56,g,Kjeldahl,AOAC 991.20,2747893
"Phosphorus, P",224,mg,ICP,AOAC 985.01 + 984.27,2747893
"Potassium, K",320,mg,ICP,AOAC 985.01 + 984.27,2747893
"Selenium, Se",16,µg,ICP-MS,AOAC 2011.19,2747893
"Sodium, Na",132,mg,ICP,AOAC 985.01 + 984.27,2747893
Total lipid (fat),0.65,g,Acid hydrolysis,AOAC 989.05 mod,2747893
Vitamin B-12,1.27,µg,Vitamin B12 by Microbiological Method,AOAC 952.20 and AOAC 960.46 mod.,2747893
Water,80,g,Vacuum oven,AOAC 934.06 mod,2747893
"Zinc, Zn",1.24,mg,ICP,AOAC 985.01 + 984.27,2747893
Ash,1.655,g,Gravimetric,AOAC 900.02,2747895
"Calcium, Ca",6.03,mg,ICP,AOAC 985.01 + 984.27,2747895
"Copper, Cu",<0.025,mg,ICP,AOAC 985.01 + 984.27,2747895
"Iron, Fe",0.284,mg,ICP,AOAC 985.01 + 984.27,2747895
"Magnesium, Mg",22.5,mg,ICP,AOAC 985.01 + 984.27,2747895
"Manganese, Mn",0.0152,mg,ICP,AOAC 985.01 + 984.27,2747895
Nitrogen,1.63,g,Kjeldahl,AOAC 991.20,2747895
"Phosphorus, P",110,mg,ICP,AOAC 985.01 + 984.27,2747895
"Potassium, K",155,mg,ICP,AOAC 985.01 + 984.27,2747895
"Selenium, Se",10.3,µg,ICP-MS,AOAC 2011.19,2747895
"Sodium, Na",522,mg,ICP,AOAC 985.01 + 984.27,2747895
Total lipid (fat),0.19,g,Acid hydrolysis,AOAC 989.05 mod,2747895
Vitamin B-12,1.39,µg,Vitamin B12 by Microbiological Method,AOAC 952.20 and AOAC 960.46 mod.,2747895
Water,86.23,g,Vacuum oven,AOAC 934.06 mod,2747895
"Zinc, Zn",0.906,mg,ICP,AOAC 985.01 + 984.27,2747895
Ash,1.49,g,Gravimetric,AOAC 900.02,2747897
"Calcium, Ca",13.05,mg,ICP,AOAC 985.01 + 984.27,2747897
"Copper, Cu",<0.025,mg,ICP,AOAC 985.01 + 984.27,2747897
"Iron, Fe",0.2675,mg,ICP,AOAC 985.01 + 984.27,2747897
"Magnesium, Mg",47.3,mg,ICP,AOAC 985.01 + 984.27,2747897
"Manganese, Mn",<0.012,mg,ICP,AOAC 985.01 + 984.27,2747897
Nitrogen,2.6,g,Kjeldahl,AOAC 991.20,2747897
"Phosphorus, P",230,mg,ICP,AOAC 985.01 + 984.27,2747897
"Potassium, K",311.5,mg,ICP,AOAC 985.01 + 984.27,2747897
"Selenium, Se",29.6,µg,ICP-MS,AOAC 2011.19,2747897
"Sodium, Na",242,mg,ICP,AOAC 985.01 + 984.27,2747897
Total lipid (fat),0.55,g,Acid hydrolysis,AOAC 989.05 mod,2747897
Vitamin B-12,0.87,µg,Vitamin B12 by Microbiological Method,AOAC 952.20 and AOAC 960.46 mod.,2747897
Water,78.35,g,Vacuum oven,AOAC 934.06 mod,2747897
"Zinc, Zn",0.914,mg,ICP,AOAC 985.01 + 984.27,2747897
Ash,1.59,g,Gravimetric,AOAC 900.02,2747899
"Calcium, Ca",2.97,mg,ICP,AOAC 985.01 + 984.27,2747899
"Copper, Cu",<0.025,mg,ICP,AOAC 985.01 + 984.27,2747899
"Iron, Fe",<0.25,mg,ICP,AOAC 985.01 + 984.27,2747899
"Magnesium, Mg",18.6,mg,ICP,AOAC 985.01 + 984.27,2747899
"Manganese, Mn",<0.012,mg,ICP,AOAC 985.01 + 984.27,2747899
Nitrogen,1.49,g,Kjeldahl,AOAC 991.20,2747899
"Phosphorus, P",302,mg,ICP,AOAC 985.01 + 984.27,2747899
"Potassium, K",137,mg,ICP,AOAC 985.01 + 984.27,2747899
"Selenium, Se",9.71,µg,ICP-MS,AOAC 2011.19,2747899
"Sodium, Na",448,mg,ICP,AOAC 985.01 + 984.27,2747899
Total lipid (fat),0.37,g,Acid hydrolysis,AOAC 989.05 mod,2747899
Vitamin B-12,1.23,µg,Vitamin B12 by Microbiological Method,AOAC 952.20 and AOAC 960.46 mod.,2747899
Water,87.08,g,Vacuum oven,AOAC 934.06 mod,2747899
"Zinc, Zn",0.701,mg,ICP,AOAC 985.01 + 984.27,2747899
Ash,1.395,g,Gravimetric,AOAC 900.02,2747901
"Calcium, Ca",8.73,mg,ICP,AOAC 985.01 + 984.27,2747901
"Copper, Cu",<0.025,mg,ICP,AOAC 985.01 + 984.27,2747901
"Iron, Fe",0.46,mg,ICP,AOAC 985.01 + 984.27,2747901
"Magnesium, Mg",35.5,mg,ICP,AOAC 985.01 + 984.27,2747901
"Manganese, Mn",0.0181,mg,ICP,AOAC 985.01 + 984.27,2747901
Nitrogen,2.55,g,Kjeldahl,AOAC 991.20,2747901
"Phosphorus, P",237,mg,ICP,AOAC 985.01 + 984.27,2747901
"Potassium, K",336,mg,ICP,AOAC 985.01 + 984.27,2747901
"Selenium, Se",15.4,µg,ICP-MS,AOAC 2011.19,2747901
"Sodium, Na",159,mg,ICP,AOAC 985.01 + 984.27,2747901
Total lipid (fat),0.72,g,Acid hydrolysis,AOAC 989.05 mod,2747901
Vitamin B-12,1.67,µg,Vitamin B12 by Microbiological Method,AOAC 952.20 and AOAC 960.46 mod.,2747901
Water,80.39,g,Vacuum oven,AOAC 934.06 mod,2747901
"Zinc, Zn",1.19,mg,ICP,AOAC 985.01 + 984.27,2747901
